序号,类别,首字母,案件名称,书中页码
1,中国法院诉讼案例,A,上海爱建广告公司诉上海市长宁区工商局行政处罚案,"85,401"
2,中国法院诉讼案例,A,苏州爱利电器公司诉苏州市工商局沧浪分局行政处罚案,97
3,中国法院诉讼案例,B,白光华诉天津市劳教委案,249
4,中国法院诉讼案例,B,白理成诉西安市公安局交管支队高速公路大队行政处罚案,389
5,中国法院诉讼案例,B,白紫山等诉武汉理工大学不授予学位证书案,567
6,中国法院诉讼案例,B,上海百信药品招标代理公司安徽分公司诉安徽省食药监局案,373
7,中国法院诉讼案例,B,江西柏林实业公司诉江苏省上饶地区国税局税务稽查处理决定案,250
8,中国法院诉讼案例,B,柏新建诉河南省正阳县工商局行政赔偿案,267
9,中国法院诉讼案例,B,班忠明诉贵州省贵定县公安局交警大队行政处罚案,568
10,中国法院诉讼案例,B,包郑照诉浙江省苍南县政府强行拆除房屋案,"2,639"
11,中国法院诉讼案例,B,北方矿业公司诉山西省经贸委吊销许可证案,"307,438"
12,中国法院诉讼案例,B,广州贝氏药业公司诉国家计委药品定价案,340
13,中国法院诉讼案例,B,广州贝氏药业公司诉卫生部不予复议案,500
14,中国法院诉讼案例,B,广州贝氏药业公司诉云南省卫生厅等九部门招标采购案,590
15,中国法院诉讼案例,B,毕胜军诉浙江省兰溪市建设局行政处罚案,309
16,中国法院诉讼案例,B,厦门博坦仓储公司诉厦门市海关行政处罚案,"80,88"
17,中国法院诉讼案例,C,中国财政经济出版社诉北京市工商局海淀分局行政处罚案,93
18,中国法院诉讼案例,C,蔡留恩诉郑州市森林公安分局荥阳派出所行政证明案,146
19,中国法院诉讼案例,C,曹兵诉海南省公安厅招录人民警察案,574
20,中国法院诉讼案例,C,曹忠泉诉国家知产局专利复审委专利权无效案,478
21,中国法院诉讼案例,C,烟台长城科工贸公司诉烟台市国土局行政处罚案,"128,162,203,213"
22,中国法院诉讼案例,C,兰州市常德物资开发部诉兰州市政府收回土地使用权案,"377,400,534"
23,中国法院诉讼案例,C,南通超康食品公司诉江苏省如皋市工商局行政处罚案,442
24,中国法院诉讼案例,C,车凤英诉江苏省徐州市郊区规划处规划许可案,"411,478"
25,中国法院诉讼案例,C,陈爱华诉南京市江宁区住建局不履行法定职责案,316
26,中国法院诉讼案例,C,陈报四等诉浙江省义乌市政府取消扶持待遇案,459
27,中国法院诉讼案例,C,陈城诉沈阳市沈北区政府限期拆除案,301
28,中国法院诉讼案例,C,陈法庆诉浙江省政府和省环保局环境整治案,216
29,中国法院诉讼案例,C,陈国华诉珠海市公安局拱北口岸分局行政处罚案,364
30,中国法院诉讼案例,C,陈鸿祥诉福建省莆田市城厢区政府案,257
31,中国法院诉讼案例,C,陈吉云诉江苏省南通市国土局要求不得发放许可证案,168
32,中国法院诉讼案例,C,陈嘉能诉中共四川省委组织部案,121
33,中国法院诉讼案例,C,陈建忠诉江苏省睢宁县政府土地行政登记案,272
34,中国法院诉讼案例,C,陈镜钊诉国家知产局专利复审委案,462
35,中国法院诉讼案例,C,陈莉诉徐州市泉山区城管局行政处罚案,"222,517,560"
36,中国法院诉讼案例,C,陈乃信等诉福建省霞浦县渔政站行政处罚案,336
37,中国法院诉讼案例,C,陈宁诉辽宁省庄河市公安局行政赔偿案,515
38,中国法院诉讼案例,C,陈培生诉长春市规划局行政许可案,85
39,中国法院诉讼案例,C,陈平春诉陕西省石泉县卫计局开除公职决定案,159
40,中国法院诉讼案例,C,陈山河诉洛阳市政府行政赔偿案,"512,683"
41,中国法院诉讼案例,C,陈山河、赵会云诉洛阳市老城区政府案,611
42,中国法院诉讼案例,C,陈淑琴等诉福建省莆田县政府行政复议决定案,"444,465"
43,中国法院诉讼案例,C,陈松贵诉广东省珠海市金湾区政府案,173
44,中国法院诉讼案例,C,陈涛、陈修存诉合肥市规划局行政赔偿案,520
45,中国法院诉讼案例,C,陈小英户诉重庆市酉阳土家族苗族自治县政府履行法定职责案,255
46,中国法院诉讼案例,C,陈秀清诉厦门市公安局行政复议案,574
47,中国法院诉讼案例,C,陈亦勋、郑大梅诉福建省寿宁县卫生局拒绝重新组织医疗鉴定案,"267,352"
48,中国法院诉讼案例,C,陈则东诉浙江省政府不履行复议职责案,113
49,中国法院诉讼案例,C,陈兆星诉江苏省高院赔偿委员会案,122
50,中国法院诉讼案例,C,海南承海实业投资公司诉海口市政府土地登记案,133
51,中国法院诉讼案例,C,程海户口迁移案,62
52,中国法院诉讼案例,C,江阴澄星贸易公司诉江苏省张家港市海关不予处罚案,"76,201"
53,中国法院诉讼案例,C,唐纳•川普诉中国国家工商总局商评委案,196
54,中国法院诉讼案例,C,北京创基物业公司诉北京市海淀区人防办行政处罚案,"263,394,396"
55,中国法院诉讼案例,C,崔秀喜诉河南省临颍县工商局行政强制扣押措施案,363
56,中国法院诉讼案例,D,郑州市大成法律事务所诉郑州市中原区司法局注销决定案,171
57,中国法院诉讼案例,D,合肥大贺印刷公司诉合肥市公共资源交易监督管理局行政处罚案,"534,538"
58,中国法院诉讼案例,D,宁德市大众影院诉福建省宁德地区工商局行政处罚案,335
59,中国法院诉讼案例,D,戴来娣诉上海市公安局静安分局交警支队交通事故责任认定案,459
60,中国法院诉讼案例,D,戴文锋诉长沙市公安局冻结账户案,"131,534"
61,中国法院诉讼案例,D,焦作市道路运输管理局诉河南省焦作市国土局行政处罚案,125
62,中国法院诉讼案例,D,道斯环保科技公司诉深圳市南山区政府和财政局案,129
63,中国法院诉讼案例,D,广州德发房产公司诉广州市地税局第一稽查局案,82
64,中国法院诉讼案例,D,德和电子工程公司诉江苏省连云港市质监局行政处罚案,367
65,中国法院诉讼案例,D,克里斯蒂昂•迪奥尔香料公司诉国家工商总局商评委案,70
66,中国法院诉讼案例,D,无锡市第六建筑工程公司海南分公司诉海口市政府等行政不作为及行政赔偿案,271
67,中国法院诉讼案例,D,浙江省临海市第四建筑公司诉原临海市城关镇政府企业人事任免案,589
68,中国法院诉讼案例,D,泸州帝王银樽酒业公司诉四川省泸州市劳保局工伤认定案,"320,322"
69,中国法院诉讼案例,D,点头隆胜石材厂诉福建省福鼎市政府“扶优扶强”措施案,"149,155,186"
70,中国法院诉讼案例,D,丁海峰诉北京市税务稽查局行政处罚案,213
71,中国法院诉讼案例,D,苏州鼎盛食品公司诉苏州市工商局行政处罚案,339
72,中国法院诉讼案例,D,辽宁省凤城市东方硼铁矿业公司诉凤城市劳保局行政裁决案,635
73,中国法院诉讼案例,D,东留固村六组诉河南省滑县政府土地行政许可案,575
74,中国法院诉讼案例,D,四川省眉山县东坡食品厂诉眉山市东坡区计划经济贸易局行政赔偿案,"271,528"
75,中国法院诉讼案例,D,上海东兆化工公司诉上海市工商局静安分局行政处罚案,97
76,中国法院诉讼案例,D,董兰诉郑州市社保局养老保险待遇案,"495,496"
77,中国法院诉讼案例,D,安徽省淮南市洞山农信社诉淮南市房地产管理局颁发房屋所有权证案,"315,559"
78,中国法院诉讼案例,D,杜宝良诉北京市公安局公安交通管理局西城交通支队西单队“105张罚单”案,342
79,中国法院诉讼案例,D,杜东平诉西安市人社局案,626
80,中国法院诉讼案例,D,上海朵云轩与北京朵云轩拍卖公司企业名称争议案,425
81,中国法院诉讼案例,E,成都二姐大酒店诉成都市武侯区工程质监站等建设质量监督行为案,269
82,中国法院诉讼案例,F,樊占飞诉陕西省国土厅要求撤销采矿许可证案,25
83,中国法院诉讼案例,F,湖南郴州饭垄堆矿业公司诉国土部行政复议案,"319,402"
84,中国法院诉讼案例,F,范凯诉安徽省太和县城关镇政府、太和县政府行政协议案,332
85,中国法院诉讼案例,F,美国泛美卫星公司诉北京市国税局对外分局第二税务所代扣代缴预提所得税案,70
86,中国法院诉讼案例,F,范永德诉福建省上杭县药监局行政处罚案,393
87,中国法院诉讼案例,F,葫芦岛丰川装饰城诉辽宁省葫芦岛市龙港区政府案,544
88,中国法院诉讼案例,F,哈尔滨市丰田纯牌零件经销中心诉国资委案,127
89,中国法院诉讼案例,F,上海丰祥贸易公司诉上海市盐务局行政强制措施案,"85,296"
90,中国法院诉讼案例,F,冯兆明诉南京市房产局案,202
91,中国法院诉讼案例,F,江宁县东山镇副业公司诉南京机场高速公路管理处损害赔偿案,138
92,中国法院诉讼案例,F,傅国芳诉重庆市沙坪坝区劳保局工伤认定案,324
93,中国法院诉讼案例,F,付洁诉杭州市房管局房屋拆迁裁决案,552
94,中国法院诉讼案例,G,福建省德化县盖德建筑公司诉德化县公安局交警大队道路交通事故责任认定案,344
95,中国法院诉讼案例,G,甘露诉暨南大学开除学籍案,106
96,中国法院诉讼案例,G,高某亲属诉某税务局行政赔偿案,"232,513"
97,中国法院诉讼案例,G,高某诉邳州市地方海事处、京杭运河江苏省邳州航道管理站不履行打捞沉船法定职责案,232
98,中国法院诉讼案例,G,高全（化名）诉中国矿业大学开除学籍案,190
99,中国法院诉讼案例,G,高树仁与福建省安溪县财政局行政处罚、强制措施纠纷,605
100,中国法院诉讼案例,G,高素华诉安徽省蚌埠市淮上区曹老集镇政府行政许可案,300
101,中国法院诉讼案例,G,高云洪诉云南省南华县卫生局行政处罚案,424
102,中国法院诉讼案例,G,葛永金诉浙江省天台县劳动局工伤认定案,442
103,中国法院诉讼案例,G,公式召诉吉林市烟草专卖局行政处罚案,694
104,中国法院诉讼案例,G,广德县骨外科医院诉安徽省政府案,155
105,中国法院诉讼案例,G,顾荣双诉上海市工商局普陀分局工商登记案,568
106,中国法院诉讼案例,G,管之菲诉上海市公安局普陀分局真如派出所行政处罚案,365
107,中国法院诉讼案例,G,中国光大银行诉武汉市政府不履行法定职责案,349
108,中国法院诉讼案例,G,南阳广农农药厂诉河南省南阳市知产局责令赔偿决定案,"88,474"
109,中国法院诉讼案例,G,郭德兵诉新疆精河县公安局收容审查决定案,543
110,中国法院诉讼案例,G,吉林郭尔罗斯农商银行诉宁夏吴忠市利通区金银滩镇政府等行政协议案,331
111,中国法院诉讼案例,G,郭海诉中国证监会行政处罚案,384
112,中国法院诉讼案例,G,郭家新等99人诉淄博市博山区人民政府解除聘用合同案,258
113,中国法院诉讼案例,G,郭建军诉浙江省诸暨市国土局行政处罚案,"75,313"
114,中国法院诉讼案例,G,郭静诉郑州市管城回族区政府案,"274,275"
115,中国法院诉讼案例,G,郭静秋诉北京市宣武区建委房屋拆迁许可案,493
116,中国法院诉讼案例,G,山东省梁山县郭堂村委会诉梁山县政府、济宁市政府案,564
117,中国法院诉讼案例,G,郭小兵诉江苏省政府案,121
118,中国法院诉讼案例,G,郭永琴诉扬州市政府案,611
119,中国法院诉讼案例,G,广州市国宏物业公司诉广州市公安局越秀区分局刻章许可案,305
120,中国法院诉讼案例,G,中国国际经济法学会诉民政部行政处罚案,188
121,中国法院诉讼案例,G,北京国联裕丰投资公司等诉武汉市房管局住房局登记案,203
122,中国法院诉讼案例,G,北京国玉大酒店公司诉北京市朝阳区劳保局工伤认定案,323
123,中国法院诉讼案例,H,广州市海龙王投资公司诉广州市外经贸委行政处理决定案,"170,202"
124,中国法院诉讼案例,H,福建省官头海运总公司诉福建省莆田县国税局行政强制措施案,407
125,中国法院诉讼案例,H,韩宝荣诉沈阳市于洪区政府不履行行政复议职责案,490
126,中国法院诉讼案例,H,韩甲文诉黑龙江省肇源县人民政府行政协议案,113
127,中国法院诉讼案例,H,韩美畴诉海南省文昌市国土局行政处罚案,"312,723"
128,中国法院诉讼案例,H,韩振京诉河南省偃师市政府行政复议案,253
129,中国法院诉讼案例,H,韩振玺诉辽宁省普兰店市公安局案,159
130,中国法院诉讼案例,H,杭燚诉南京理工大学取消研究生入学资格案,622
131,中国法院诉讼案例,H,郝劲松诉北京市公安局海淀分局万寿寺派出所案,383
132,中国法院诉讼案例,H,郝义明诉山西省屯留县（区）政府案,261
133,中国法院诉讼案例,H,湖南省汉寿县皓天网络公司诉汉寿县文化体育广电新闻出版局网吧经营许可案,570
134,中国法院诉讼案例,H,何海波诉北京万春园别墅有限公司罚款案,135
135,中国法院诉讼案例,H,何文良诉成都市武侯区劳动局工伤认定案,322
136,中国法院诉讼案例,H,何希光诉广东省汕尾市工商局行政处罚案,445
137,中国法院诉讼案例,H,何小强诉华中科技大学拒绝授予学位案,"139,567"
138,中国法院诉讼案例,H,何友庆诉珠海市公安局交通警察支队香洲大队案,342
139,中国法院诉讼案例,H,贺宁诉四川省富顺县民政局撤销婚姻登记、罚款案,313
140,中国法院诉讼案例,H,贺荣友诉国家知产局专利复审委案,439
141,中国法院诉讼案例,H,河南恒星纸业公司诉人民银行焦作市中心支行行政侵权案,"225,293"
142,中国法院诉讼案例,H,恒运矸石厂等诉安徽省颍上县政府强制拆除案,608
143,中国法院诉讼案例,H,上海虹城房地产公司诉上海市房地局土地使用权出让合同案,128
144,中国法院诉讼案例,H,湖南宏法律师事务所诉湖南省桂阳县公安局案,132
145,中国法院诉讼案例,H,洪华明诉福建省南安市公安局仑苍派出所案,380
146,中国法院诉讼案例,H,候秀方诉山东省茌平县政府行政登记案,551
147,中国法院诉讼案例,H,胡加招遗产继承纠纷案,207
148,中国法院诉讼案例,H,胡敬伟诉黑龙江省齐齐哈尔市安监局案,147
149,中国法院诉讼案例,H,胡裕松等诉海口市政府行政处罚案,408
150,中国法院诉讼案例,H,胡云成诉辽宁省抚顺市政府清运煤矿行为案,626
151,中国法院诉讼案例,H,胡志刚诉江西省新余市渝水区政府案,620
152,中国法院诉讼案例,H,成都华盟物业公司诉成都高新区经贸发展局行政处罚案,284
153,中国法院诉讼案例,H,安徽华源医药公司诉国家工商总局商标局案,567
154,中国法院诉讼案例,H,深圳市蛇口区环境监测站诉香港凯达公司环境污染案,18
155,中国法院诉讼案例,H,黄金成等25人诉成都市武侯区房管局划分物业管理区域案,337
156,中国法院诉讼案例,H,黄举能诉广州市政府房屋拆迁案,538
157,中国法院诉讼案例,H,黄坤诉北京市公安局海淀分局中关村派出所不予裁决案,351
158,中国法院诉讼案例,H,黄立善诉南宁市交警支队五大队行政强制措施和处罚决定案,399
159,中国法院诉讼案例,H,黄某诉北京市海淀区交警队案,433
160,中国法院诉讼案例,H,黄由俭等诉湖南省汝城县政府申请公开调查报告案,86
161,中国法院诉讼案例,H,黄友元诉天津市公安局塘沽分局行政赔偿案,713
162,中国法院诉讼案例,H,黄渊虎诉武汉大学履行法定职责案,269
163,中国法院诉讼案例,H,黄泽富等诉成都市金堂工商局行政处罚案,95
164,中国法院诉讼案例,H,黑龙江汇丰实业公司诉哈尔滨市规划局行政处罚案,"74，109,307,339,483"
165,中国法院诉讼案例,H,广州汇俊房地产公司诉广州市国土房管局土地使用权出让合同案,128
166,中国法院诉讼案例,H,上海汇兴实业公司诉上海浦江海关行政赔偿案,525
167,中国法院诉讼案例,J,吉德仁等诉江苏省盐城市政府行政决定案,"124,170,186"
168,中国法院诉讼案例,J,民警吉忠春携枪杀人案,514
169,中国法院诉讼案例,J,夹江打假案,36
170,中国法院诉讼案例,J,贾春旺等诉河南省范县民政局案,"432,447,488,530"
171,中国法院诉讼案例,J,黑龙江省监狱管理局等诉哈尔滨市公安局确认产权、损害赔偿案,123
172,中国法院诉讼案例,J,甘肃省天水市麦积区检察院诉麦积区环保局怠于履行监管职责案,501
173,中国法院诉讼案例,J,江苏省泗洪县建明食品公司诉泗洪县政府检疫行政命令案,"171,218"
174,中国法院诉讼案例,J,中国建银投资公司诉河南省延津县政府行政赔偿案,625
175,中国法院诉讼案例,J,湖南省常德市武陵区河伏镇建筑公司诉武陵区河伏镇政府侵犯企业财产权案,534
176,中国法院诉讼案例,J,姜福英诉辽宁省庄河市公安局行政处罚案,338
177,中国法院诉讼案例,J,蒋金良等诉浙江省东阳市政府案,155
178,中国法院诉讼案例,J,蒋石林诉湖南省常宁市荫田镇政府案,187
179,中国法院诉讼案例,J,蒋石林诉湖南省常宁县财政局案,188
180,中国法院诉讼案例,J,蒋韬诉人民银行成都分行“身高歧视”案,75
181,中国法院诉讼案例,J,蒋先福等诉湖南省桂阳县公安局非法拘传案,548
182,中国法院诉讼案例,J,焦志刚诉天津市公安局和平分局行政处罚案,"346,480"
183,中国法院诉讼案例,J,湖北省利川市东城街道办事处某中心卫生室诉某某案,444
184,中国法院诉讼案例,J,湖南金辰科技公司诉长沙市建委要求履行法定职责案,589
185,中国法院诉讼案例,J,上海金港经贸总公司诉新疆工商局行政处罚案,251
186,中国法院诉讼案例,J,金箭公司诉北京市工商局变更企业登记案,"475,711"
187,中国法院诉讼案例,J,金鳞乙诉深圳市公安局南华派出所不作为案,380
188,中国法院诉讼案例,J,章丘锦屏机动车检测公司诉山东省章丘市环保局行政答复案,347
189,中国法院诉讼案例,J,精工爱普生株式会社诉国家知产局专利复审委案,344
190,中国法院诉讼案例,K,海南凯立开发公司诉证监会退回上市申报材料案,"107,381,503"
191,中国法院诉讼案例,K,海南凯鹏房地产公司诉海口市政府等收回土地使用权案,"263,495"
192,中国法院诉讼案例,K,福州康佳乐公司诉福建省农业厅行政处罚案,365
193,中国法院诉讼案例,K,北京康智乐思网络科技公司诉国家知产局案,"693,695"
194,中国法院诉讼案例,K,孔贵林诉浙江省慈溪市教育局行政赔偿案,519
195,中国法院诉讼案例,K,快乐三六五商店诉北京市延庆区食药监局案,313
196,中国法院诉讼案例,K,江西萍乡矿务局六六一厂诉云南省禄丰县公安局行政处罚案,301
197,中国法院诉讼案例,K,香港昆利公司、晶泽公司诉广东省湛江市海关行政处罚案,208
198,中国法院诉讼案例,L,赖恒安诉重庆市政府不予复议案,169
199,中国法院诉讼案例,L,赖某诉广州市公安局交警支队机动大队行政处罚案,436
200,中国法院诉讼案例,L,河北省平山县劳动就业管理局诉平山县地税局税务行政处理决定案,"125,199,359,474"
201,中国法院诉讼案例,L,雷锐诉上海市公安局交警总队机动支队案,168
202,中国法院诉讼案例,L,雷善邦等诉南宁市政府土地征收案,606
203,中国法院诉讼案例,L,李波、张平诉山东省惠民县政府行政强制案,230
204,中国法院诉讼案例,L,李彩莲、姜伟诉兰州市公安局违法使用武器及行政赔偿案,132
205,中国法院诉讼案例,L,李超诉山东省淄博市临淄区妇幼保健院案,135
206,中国法院诉讼案例,L,李丹青诉浙江省教育厅要求查处学术不端行为案,488
207,中国法院诉讼案例,L,李刚诉卫生部等牙防组认证案,"216,574"
208,中国法院诉讼案例,L,李广军诉河南省辉县市民政局变更登记案,375
209,中国法院诉讼案例,L,李海军诉浙江省台州市公安局路桥分局行政处罚案,387
210,中国法院诉讼案例,L,李慧娟事件,99
211,中国法院诉讼案例,L,李健等诉福建省监狱管理局收容教养行政强制措施案,123
212,中国法院诉讼案例,L,李建华诉南京市玄武区民政局婚姻登记案,"80,498"
213,中国法院诉讼案例,L,李健雄诉广东省交通运输厅政府信息公开案,383
214,中国法院诉讼案例,L,李茂润诉四川省阆中市公安局不作为案,519
215,中国法院诉讼案例,L,李某某诉山东省广饶县广饶街道十九村委会案,141
216,中国法院诉讼案例,L,李沛光诉东莞市城建规划局行政确认案,171
217,中国法院诉讼案例,L,李强等3人诉武汉市政府案,"154,661"
218,中国法院诉讼案例,L,李庆龙诉江苏省宿迁市建设局不履行法定职责案,"489,627"
219,中国法院诉讼案例,L,李尚达诉厦门市公安局同安分局行政处罚案,371
220,中国法院诉讼案例,L,李维贤诉国家知产局专利复审委案,344
221,中国法院诉讼案例,L,李文正诉上海市公安局普陀分局长寿路派出所等行政处罚案,365
222,中国法院诉讼案例,L,李晓平、李晓莉诉长春市政府等安置补偿案,273
223,中国法院诉讼案例,L,李燕诉教育部等政府信息公开案,620
224,中国法院诉讼案例,L,李玉兰诉北京市朝阳区豆各庄乡黄厂村委会案,141
225,中国法院诉讼案例,L,李育明等诉浙江省温州市政府案,274
226,中国法院诉讼案例,L,李远湖诉湖北省阳新县城建监察大队行政强制案,712
227,中国法院诉讼案例,L,李治芳诉福建省龙岩市公安局交警支队案,147
228,中国法院诉讼案例,L,立达纺织仪器公司上海分公司诉上海市地税局长宁区分局第十三税务所案,386
229,中国法院诉讼案例,L,海南省利国镇利国一经济合作社等诉乐东黎族自治县政府不履行法定职责案,270
230,中国法院诉讼案例,L,梁宝富诉安徽省安庆市公安局行政处罚复议决定案,194
231,中国法院诉讼案例,L,梁樑等诉青岛市崂山区综合行政执法局案,76
232,中国法院诉讼案例,L,梁秋莲诉河南省焦作市中站区政府结婚登记案,489
233,中国法院诉讼案例,L,廖建华诉湖南省娄底市公安局不允许律师会见犯罪嫌疑人案,132
234,中国法院诉讼案例,L,廖某诉江西省万安县国土局不予查处案,"351,352"
235,中国法院诉讼案例,L,廖宗荣诉重庆市公安局交通管理局第二支队行政处罚案,"93,364,429,458"
236,中国法院诉讼案例,L,林国雄诉深圳市劳保局工伤认定案,322
237,中国法院诉讼案例,L,林建国诉济南市房管局房屋行政管理案,"692,693"
238,中国法院诉讼案例,L,林群英诉厦门大学拒绝录取案,402
239,中国法院诉讼案例,L,林伟诉福建省莆田市秀屿区教育局开除处分案,300
240,中国法院诉讼案例,L,林秀菊诉福建省福安市工商局颁发营业执照案,"316,395"
241,中国法院诉讼案例,L,林秀月诉福建省莆田市工商局涵江区分局行政处罚案,479
242,中国法院诉讼案例,L,铃王（无锡）电器公司诉无锡市劳动局工伤认定案,"86,373,480,483"
243,中国法院诉讼案例,L,刘本元诉四川省蒲江县乡镇企业管理局侵犯财产权、经营自主权案,185
244,中国法院诉讼案例,L,刘冰诉江苏省沛县公安局行政赔偿案,347
245,中国法院诉讼案例,L,刘翠英诉北京市房山区政府没收物移交案,338
246,中国法院诉讼案例,L,刘公立诉辽宁省锦州市工商局古塔分局行政处罚案,498
247,中国法院诉讼案例,L,刘广明诉江苏省张家港市政府不予受理行政复议案,207
248,中国法院诉讼案例,L,刘桂兰诉昆明市公安局官渡分局不履行法定职责行政赔偿案,"490,519,523,524,629"
249,中国法院诉讼案例,L,刘华琳诉上海市人社局案,544
250,中国法院诉讼案例,L,刘庆、吕维峰诉四川省古蔺县公安局行政处罚案,387
251,中国法院诉讼案例,L,刘秋海诉广西壮族自治区北海市银海区交警大队扣留车辆案,"37,457"
252,中国法院诉讼案例,L,刘世英诉四川省宜宾市劳保局不予受理工伤认定案,321
253,中国法院诉讼案例,L,刘书平诉郑州市郑东新区管委会行政赔偿案,684
254,中国法院诉讼案例,L,刘树忠等81人诉吉林省长春市政府、长春市国土局行政征收和补偿案,"237,265"
255,中国法院诉讼案例,L,刘兴修诉四川省汉源县公安局案,565
256,中国法院诉讼案例,L,刘秀东诉山东省平阴县市监局行政处罚案,406
257,中国法院诉讼案例,L,刘燕文诉北京大学、北京大学学位评定委员会案,"58,78,108,260,360,398,413,416,423,648,678"
258,中国法院诉讼案例,L,刘应礼诉浙江省庆元县公安局行政处罚案,541
259,中国法院诉讼案例,L,刘云务诉太原市公安局交警支队晋源一大队扣留车辆案,348
260,中国法院诉讼案例,L,刘占国诉哈尔滨市公安局双城分局交警大队注销驾照案,"534,538"
261,中国法院诉讼案例,L,刘正祥诉江苏省泰州市政府行政复议决定案,270
262,中国法院诉讼案例,L,刘中锋诉河南省招生办公室公开高考试卷信息案,328
263,中国法院诉讼案例,L,江苏南通六建建设集团公司诉上海市松江区人社局工伤认定案,"320,439"
264,中国法院诉讼案例,L,龙滨诉广州市番禺区政府洛浦街道办事处案,"444,695"
265,中国法院诉讼案例,L,西峡龙成特种材料公司诉陕西省榆林市知产局案,362
266,中国法院诉讼案例,L,开封市隆发房地产公司诉开封市政府撤销国有土地使用证案,213
267,中国法院诉讼案例,L,楼永清诉浙江省政府不履行行政复议职责案,182
268,中国法院诉讼案例,L,卢学伟诉福建省永定县政府撤销国有土地使用证案,390
269,中国法院诉讼案例,L,卢志和诉湖南省娄底市公安局娄星分局案,131
270,中国法院诉讼案例,L,鲁瑞庚诉辽宁省东港市公安局悬赏广告案,161
271,中国法院诉讼案例,L,临清市鲁信面粉公司诉山东省政府行政复议案,377
272,中国法院诉讼案例,L,陆红霞、陆富国滥用诉权案,276
273,中国法院诉讼案例,L,陆红霞诉江苏省南通市发改委政府信息公开答复案,276
274,中国法院诉讼案例,L,陆廷佐诉上海市闸北区房屋土管局行政裁决案,434
275,中国法院诉讼案例,L,陆湿章诉上海市工商局企业名称驳回通知案,343，425
276,中国法院诉讼案例,L,路世伟诉甘肃省靖远县政府收回土地使用权案,"291,400"
277,中国法院诉讼案例,L,温州市瓯海鹿达包装机械厂等诉温州市瓯海区政府案,152
278,中国法院诉讼案例,L,福建省莆田县轮船公司、陈金栋等诉广东省惠州市公安局等限制人身自由、扣押财产和行政处罚案,623
279,中国法院诉讼案例,L,重庆市丰都县高家镇罗边槽村一社诉重庆市政府复议决定案,198
280,中国法院诉讼案例,L,罗伦富诉四川省泸州市公安局交警支队三大队交通事故责任认定案,"147,280,401"
281,中国法院诉讼案例,L,罗镕荣诉江苏省吉安市物价局投诉举报处理案,"145,205"
282,中国法院诉讼案例,L,吕国良诉浙江省诸暨市政府工伤确认行政复议案,320
283,中国法院诉讼案例,L,吕运养等诉广西临桂县工商局行政处罚案,573
284,中国法院诉讼案例,L,济南旅顺旅游汽车公司诉济南市安监局行政处罚案,311
285,中国法院诉讼案例,L,江苏省南通市绿康生猪养殖场诉南通市崇川区政府行政赔偿案,460
286,中国法院诉讼案例,M,麻旦旦诉陕西省泾阳县公安局“处女嫖娼”案,530
287,中国法院诉讼案例,M,马某跃诉济南市交警支队某某大队行政处罚案,343
288,中国法院诉讼案例,M,马生忠诉宁夏固原市政府行政批复、宁夏固原市住建局房屋拆迁行政裁决案,606
289,中国法院诉讼案例,M,马文虎诉某区房管局案,346
290,中国法院诉讼案例,M,眉山气雾剂厂诉四川省眉山市政府、眉山市国土局土地行政登记案,"224,230,260"
291,中国法院诉讼案例,M,深圳市米唐贸易公司诉重庆市食药监局九龙坡区分局行政处罚案,212
292,中国法院诉讼案例,M,陕西省明德物业公司诉西安市政府行政决定案,"499,516,528"
293,中国法院诉讼案例,M,浙江省天台县明岩寺诉天台县街头镇政府案,161
294,中国法院诉讼案例,M,某某房地产公司诉广西贵港市政府收回国有土地使用权案,"553,554"
295,中国法院诉讼案例,M,某医院诉某市药监局行政处罚案,441
296,中国法院诉讼案例,N,海口南国置业公司诉海口市政府请求确认违法并要求行政赔偿案,270
297,中国法院诉讼案例,N,倪培璐、王颖诉国贸中心侵害名誉权案,135
298,中国法院诉讼案例,N,新乡农机产品经销中心清算组诉河南省新乡县政府土地行政决定案,249
299,中国法院诉讼案例,N,广西农垦昌菱农场公司诉广西壮族自治区上思县政府案,"459,461"
300,中国法院诉讼案例,N,贵州省桐梓县农资公司诉桐梓县技术监督局行政处罚案,"107,702"
301,中国法院诉讼案例,N,诺华股份公司诉国家知产局案,459
302,中国法院诉讼案例,P,上海拍卖行公司诉上海市工商局虹口分局行政处罚案,311
303,中国法院诉讼案例,P,潘胜燕诉浙江省温岭市劳保局不予录用案,191
304,中国法院诉讼案例,P,潘世峰诉佛山市交通局行政许可及行政赔偿案,587
305,中国法院诉讼案例,P,潘裕民诉南京市房管局注销房屋所有权证案,392
306,中国法院诉讼案例,P,彭学纯诉上海市工商局不履行法定职责案,"181,205,349"
307,中国法院诉讼案例,P,彭××诉厦门市公安局湖里分局收容教育案,341
308,中国法院诉讼案例,P,彭志林诉湖南省长沙县国土局案,326
309,中国法院诉讼案例,P,海口市新华区坡巷村委会诉海南省政府土地确权案,381
310,中国法院诉讼案例,Q,齐玉苓案件,65
311,中国法院诉讼案例,Q,祁勋立诉成都市公安局交通管理局第一分局不履行法定职责案,271
312,中国法院诉讼案例,Q,广州市千金一公司诉江苏省南通市工商局行政处罚案,428
313,中国法院诉讼案例,Q,钱群伟诉浙江省慈溪市掌起镇政府案,86
314,中国法院诉讼案例,Q,乔风礼诉河南省安阳市人事局、安阳市机构编制办行政裁决案,265
315,中国法院诉讼案例,Q,乔占祥诉铁道部票价上浮案,"84,156,216"
316,中国法院诉讼案例,Q,覃某诉某区工商局不作为赔偿案,519
317,中国法院诉讼案例,Q,邱华诉湖北省宜昌市工商局行政处罚案,391
318,中国法院诉讼案例,Q,邱林诉广东省中山市城乡规划局案,564
319,中国法院诉讼案例,Q,仇绍进等诉广东省信宜市政府土地登记案,172
320,中国法院诉讼案例,Q,裘天阳诉浙江省天台县山河中学要求颁发义务教育证书案,190
321,中国法院诉讼案例,Q,曲龙江、刘士贤诉哈尔滨市公安局香坊分局案,132
322,中国法院诉讼案例,R,任诚宇、李东照诉深圳市公安局龙岗分局“地域歧视”案,206
323,中国法院诉讼案例,R,任建国诉山西省吕梁行政公署劳教委案,100
324,中国法院诉讼案例,R,任瑞诉北京市规划和国土资源管理委员会案,273
325,中国法院诉讼案例,R,任伟诉安徽省萧县公安局行政处罚案,424
326,中国法院诉讼案例,R,大连日隆工贸公司诉辽宁省锦州市工商局封存资产案,"204,477,677"
327,中国法院诉讼案例,R,厦门融健贸易公司诉厦门市思明区政府招投标纠纷案,192
328,中国法院诉讼案例,R,南宁市润森木业公司诉南宁高新区管委会房屋拆迁案,384
329,中国法院诉讼案例,S,吉林省柳河县三道沟村委会诉柳河县政府土地行政确认案,175
330,中国法院诉讼案例,S,长沙市岳麓区三湘文化传播中心诉湖南省衡东县新闻出版局行政处罚案,428
331,中国法院诉讼案例,S,尚俊俊诉江苏省如东县民政局“被结婚”案,"254,258"
332,中国法院诉讼案例,S,邵宏升诉厦门市公安局集美分局行政处罚案,409
333,中国法院诉讼案例,S,常州神力德汇房地产开发公司诉江苏省常州市建设局拆迁行政裁决案,482
334,中国法院诉讼案例,S,沈希贤等182人诉北京市规划委颁发建设工程规划许可证案,317
335,中国法院诉讼案例,S,佛山市圣芳（联合）公司诉国家工商总局商评委撤销商标案,324
336,中国法院诉讼案例,S,东营区盛鑫劳保公司诉山东省东营市质监局行政处罚案,365
337,中国法院诉讼案例,S,清远盛兴投资公司诉广东省清远市清城区政府案,"330,506,528,683"
338,中国法院诉讼案例,S,"施建辉、顾大松诉南京市规划局批准建设紫金山“观景台""案","216,237"
339,中国法院诉讼案例,S,施素兵诉江苏省南通市公安局开发区分局案,429
340,中国法院诉讼案例,S,湖南省祁阳县食品总公司诉祁阳县畜牧水产局行政处罚案,378
341,中国法院诉讼案例,S,福建省水电勘测设计研究院诉福建省地矿厅行政处罚案,"98,296"
342,中国法院诉讼案例,S,扬州水立方旅游开发公司诉扬州市自然资源和规划局案,266
343,中国法院诉讼案例,S,深圳市斯维尔科技公司诉广东省教育厅侵犯公平竞争权案,"186,560"
344,中国法院诉讼案例,S,河南省荥阳市崔庙镇王泉村松业石料厂诉荥阳市劳保局工伤认定案,440
345,中国法院诉讼案例,S,宋德鸿诉山东省东营市劳保局工伤认定案,461
346,中国法院诉讼案例,S,宋德基诉广东省湛江市赤坎区国税局追缴税款案,134
347,中国法院诉讼案例,S,宋德新诉郑州市城管局行政处罚案,385
348,中国法院诉讼案例,S,宋兰娣诉上海市公共客运管理处行政处罚案,402
349,中国法院诉讼案例,S,宋伟诉河南省巩义市市监局不履行法定职责案,205
350,中国法院诉讼案例,S,苏德贤诉辽宁省辽阳县环保局行政处罚案,"83,395,676"
351,中国法院诉讼案例,S,苏嘉鸿诉中国证监会行政处罚案,"421,466"
352,中国法院诉讼案例,S,苏某诉广州市某区交警大队案,458
353,中国法院诉讼案例,S,宿海燕诉海口市劳教委案,"400,464"
354,中国法院诉讼案例,S,孙桂花诉杭州市公安局交警支队江干交警大队系列处罚案,607
355,中国法院诉讼案例,S,孙军诉交通运输部案,325
356,中国法院诉讼案例,S,孙立兴诉天津新技术产业园区劳动局工伤认定案,"91,106,322,323"
357,中国法院诉讼案例,S,孙阳兵诉深圳市市监局龙岗分局行政奖励案,337
358,中国法院诉讼案例,S,孙云芝诉公安部案,145
359,中国法院诉讼案例,T,山西泰丰大酒店公司诉大同市土管局土地使用权出让案,128
360,中国法院诉讼案例,T,深圳市宝安区泰华豪园第三届业主委员会诉宝安区西乡街道办事处物业管理案,536
361,中国法院诉讼案例,T,谭国明诉湖北省宜昌市国土局公告注销采矿许可证案,"225,366"
362,中国法院诉讼案例,T,谭继铭承包经营户诉重庆市石柱土家族自治县政府承包经营权登记案,209
363,中国法院诉讼案例,T,谭永光、谭真明诉三亚市政府、三亚市规划局强制拆除房屋案,"376,460"
364,中国法院诉讼案例,T,谭朝辉诉湖南省凤凰县沱江镇政府行政协议案,656
365,中国法院诉讼案例,T,汤庚昌中医伤骨科诊所诉江苏省仪征市卫生局行政处罚案,396
366,中国法院诉讼案例,T,汤晋诉安徽省当涂县劳动局不履行法定职责案,"190,296,349,351,502"
367,中国法院诉讼案例,T,唐安清、唐佰强诉湖南省邵阳县政府案,608
368,中国法院诉讼案例,T,唐慧诉湖南省永州市劳教委行政赔偿案,"339,475"
369,中国法院诉讼案例,T,山东唐码齐鲁传媒公司诉济南市城管局行政合同案,334
370,中国法院诉讼案例,T,陶小京诉国家知产局案,529
371,中国法院诉讼案例,T,陶滋昌诉上海市公安局闵行分局继续盘问行为案,387
372,中国法院诉讼案例,T,天鹅湖歌舞厅诉河南省内乡县文化局管理费征收案,400
373,中国法院诉讼案例,T,内蒙古集宁市天马酒业公司诉国家工.商总局商评委案,"386,473"
374,中国法院诉讼案例,T,田家乐诉北京市朝阳区民政局要求撤销其父婚姻登记案,207
375,中国法院诉讼案例,T,田永诉北京科技大学拒绝颁发毕业证书、学位证书案,"58,78,136,342,360,502"
376,中国法院诉讼案例,T,田玉平承包经营户诉湖北省建始县政府行政征收案,209
377,中国法院诉讼案例,T,吉林省辽源市通讯器材厂诉辽源市规划管理处拆除施工建筑案,375
378,中国法院诉讼案例,T,托乎提•阿不力孜诉乌鲁木齐市新市区城管局拆除违法建筑物案,378
379,中国法院诉讼案例,W,四川省旺苍县万胜煤业公司诉旺苍县政府关闭矿井案,144
380,中国法院诉讼案例,W,万文胜诉河南省光山县规划局行政许可案,486
381,中国法院诉讼案例,W,万毅诉国家知产局专利复审委专利无效案,386
382,中国法院诉讼案例,W,汪彬诉长江旅游船舶公安处收容审查案,542
383,中国法院诉讼案例,W,汪林儿诉甘肃省天水市秦州区政府案,254
384,中国法院诉讼案例,W,汪耀元、汪琤琤诉中国证监会行政处罚案,309
385,中国法院诉讼案例,W,王伯昭诉北京市公安局怀柔分局杨宋派出所案,464
386,中国法院诉讼案例,W,王超诉北京市公安局朝阳分局小关派出所不予处罚决定案,351
387,中国法院诉讼案例,W,王成增诉湖北省郸城县石槽镇政府处理决定案,640
388,中国法院诉讼案例,W,王国强诉青岛市崂山区统计局案,328
389,中国法院诉讼案例,W,王海诉北京市工商局不履行答复职责案,380
390,中国法院诉讼案例,W,王家福诉三亚市政府颁发土地房屋权证案,446
391,中国法院诉讼案例,W,王建新等诉湖北省崇阳县城住建局行政许可案,"536,543"
392,中国法院诉讼案例,W,王金南诉江苏省常州市武进区政府案,625
393,中国法院诉讼案例,W,王坤富诉四川省内江市卫计委案,564
394,中国法院诉讼案例,W,王丽萍诉河南省中牟县交通局行政赔偿案,"348,488,515"
395,中国法院诉讼案例,W,王明棋诉云南省呈贡县政府土地行政登记案,269
396,中国法院诉讼案例,W,王某某诉江苏省仪征枣林湾旅游度假区管理办公室房屋搬迁协议案,333
397,中国法院诉讼案例,W,王某诉某县公安局留置盘问案,436
398,中国法院诉讼案例,W,王钦民诉新疆精河县公安局行政处罚案,341
399,中国法院诉讼案例,W,王蕊霞诉甘肃省康乐县政府案,169
400,中国法院诉讼案例,W,王淑荣诉长春市绿园区政府确认征补协议无效案,258
401,中国法院诉讼案例,W,王伟诉河南省平顶山市财贸学校不予录取案,190
402,中国法院诉讼案例,W,王先才诉湖北省天门市教育局人事档案管理纠纷案,158
403,中国法院诉讼案例,W,王向东诉国家知产局案,529
404,中国法院诉讼案例,W,王秀娥诉山东省淄博市国土局临淄分局案,134
405,中国法院诉讼案例,W,王莹诉江苏省徐州市泉山区人口计生局案,"146,226"
406,中国法院诉讼案例,W,王永保诉山东省临沂市政府、山东省菖南县政府案,"250,268"
407,中国法院诉讼案例,W,王有余诉上海市社会文化管理处不许可小型卫星天线入境案,292
408,中国法院诉讼案例,W,王忠生等诉云南省安宁市烟草专卖局行政处罚案,"82,340,483"
409,中国法院诉讼案例,W,王周耀诉陕西省武功县公安局行政处罚案,377
410,中国法院诉讼案例,W,王子健诉卫生部不履行法定职责案,516
411,中国法院诉讼案例,W,昆明威恒利商贸公司诉昆明市规划局行政处罚案,"309,421,484"
412,中国法院诉讼案例,W,卫奎枝与祁俊梅纠纷执行案,709
413,中国法院诉讼案例,W,四川省雅安市卫生防疫站诉雅安市药监局行政处罚案,308
414,中国法院诉讼案例,W,魏淑英、齐帅诉辽宁省新民市政府强制清除地上物案,595
415,中国法院诉讼案例,W,魏永高、陈守志诉安徽省来安县政府收回土地使用权批复案,171
416,中国法院诉讼案例,W,陕西省安康市文武建筑工程公司诉陕西省平利县审计局案,293
417,中国法院诉讼案例,W,翁某诉某市公安局案,382
418,中国法院诉讼案例,W,广东省博罗县乌坭湖村委会诉博罗县政府征地补偿案,379
419,中国法院诉讼案例,W,山东济宁无压锅炉厂诉国家知产局专利复审委案,427
420,中国法院诉讼案例,W,吴光周诉广东省徐闻县政府履行法定职责案,544
421,中国法院诉讼案例,W,吴红梅诉江苏省东台市卫生局行政处罚案,297
422,中国法院诉讼案例,W,吴某诉安徽省霍山县人社局工伤保险医疗费用案,554
423,中国法院诉讼案例,W,吴木枝诉福建省龙岩市公安局新罗分局行政处罚案,388
424,中国法院诉讼案例,W,吴启群等诉杭州市政府公开会议纪要案,326
425,中国法院诉讼案例,W,吴苏琴诉苏州市吴江区工商局行政登记案,559
426,中国法院诉讼案例,W,吴希碧诉广东省湛江市霞山区政府侵犯经营权案,494
427,中国法院诉讼案例,W,吴志定诉江苏省海安县劳保局工伤认定案,391
428,中国法院诉讼案例,X,西北政法大学博士学位授权立项建设行政复议案,413
429,中国法院诉讼案例,X,西凯视觉光学技术公司诉浙江省标准计量管理局行政处罚案,466
430,中国法院诉讼案例,X,北京希优照明设备公司诉上海市商委会招标决定案,"377,476"
431,中国法院诉讼案例,X,北京希优照明设备公司诉中国民航局等招标投诉案,"377,476"
432,中国法院诉讼案例,X,广州市南沙区细沥村委会等诉南沙区东涌镇政府案,542
433,中国法院诉讼案例,X,江苏省如皋下原医院诉如皋市市监局行政处罚案,402
434,中国法院诉讼案例,X,夏善荣诉江苏省徐州市建设局行政证明案,"317,573"
435,中国法院诉讼案例,X,夏小松诉浙江省富阳县公安局行政处罚案,91
436,中国法院诉讼案例,X,夏秀英诉山东省威海市政府行政复议案,475
437,中国法院诉讼案例,X,泰国贤成两合公司等诉深圳市工商局等注销企业登记案,"37,586,608,628"
438,中国法院诉讼案例,X,安徽翔鹰烟花爆竹公司等诉安徽省政府产业政策调整案,495
439,中国法院诉讼案例,X,肖鹏诉广州市交通委小客车指标案,"80,568"
440,中国法院诉讼案例,X,肖生诉沈阳市城管局铁西分局强制拆除案,305
441,中国法院诉讼案例,X,肖铁锋诉湖南省攸县公安局收容教育决定案,375
442,中国法院诉讼案例,X,谢京贵诉北京市公安局朝阳分局行政赔偿案,"513,529"
443,中国法院诉讼案例,X,谢培新诉四川省乐至县永和乡政府违法要求履行义务案,335
444,中国法院诉讼案例,X,谢文彬诉广东省司法厅案,568
445,中国法院诉讼案例,X,谢雯诉北京市崇文区教委申诉处理案,374
446,中国法院诉讼案例,X,谢小蕙诉江苏省如皋市住建局案,211
447,中国法院诉讼案例,X,谢中敏、谢朝平等10人诉四川省阆中市政府征地公告案,185
448,中国法院诉讼案例,X,新疆伊宁市巴彦岱镇新村一组、二组等85村民诉新疆伊宁市政府案,613
449,中国法院诉讼案例,X,太原市新东武术馆诉太原市政府案,173
450,中国法院诉讼案例,X,成都市新鸿刀具厂诉成都市商务局等行政批准案,268
451,中国法院诉讼案例,X,福建省连城县鑫都矿业公司诉福建省国土资源厅等行政许可及行政赔偿案,552
452,中国法院诉讼案例,X,厦门市鑫海源工贸公司诉厦门市自然资源和规划局案,409
453,中国法院诉讼案例,X,泉州兴发贸易公司诉泉州市药监局行政处罚案,363
454,中国法院诉讼案例,X,大连市金州区兴亮修船厂诉大连金普新区农业农村局行政处罚案,"397,408"
455,中国法院诉讼案例,X,武汉兴松房地产开发公司诉武汉市国土局案,127
456,中国法院诉讼案例,X,徐发琼诉贵州省紫云苗族布依族自治县政府征收案,258
457,中国法院诉讼案例,X,徐惠琴诉福建省卫生厅行政处理决定案,370
458,中国法院诉讼案例,X,徐建勋诉山东省安丘市政府行政协议案,331
459,中国法院诉讼案例,X,徐金娇诉浙江省丽水市建设局房屋拆迁补偿安置行政裁决案,367
460,中国法院诉讼案例,X,徐平诉重庆市公安局高新区分局行政拘留案,370
461,中国法院诉讼案例,X,徐文伯诉江苏省淮安市劳保局确认出生时间案,445
462,中国法院诉讼案例,X,徐小平等诉江苏省南通市通州区交通运输局案,155
463,中国法院诉讼案例,X,徐子军诉湖南省泸溪县自然资源局建设工程规划许可案,536
464,中国法院诉讼案例,X,许国有诉上海市徐汇区徐家汇街道监察队强制拆除违法建筑案,390
465,中国法院诉讼案例,X,许江涛诉湖北省襄阳市襄城区政府房屋强制拆迁案,185
466,中国法院诉讼案例,X,许强诉济南市交警支队市中区大队行政处罚案,343
467,中国法院诉讼案例,X,许水云诉浙江省金华市婺城区政府行政赔偿案,512
468,中国法院诉讼案例,X,许文庆诉国家知产局专利复审委案,389
469,中国法院诉讼案例,X,许耀忠诉上海市公安局徐汇分局戒毒决定案,"537,538"
470,中国法院诉讼案例,X,许祖杨诉福建省莆田市建设局拆迁许可案,439
471,中国法院诉讼案例,X,宣懿成等诉浙江省衢州市国土局收回土地使用权案,421
472,中国法院诉讼案例,X,薛道华、白大兰诉四川省泸县公安局治安检查案,405
473,中国法院诉讼案例,X,薛宏诉北京市公安局公安交通管理局丰台交通支队方庄大队行政处罚案,"56,363"
474,中国法院诉讼案例,X,山东潍坊讯驰置业公司诉山东省安丘市政府案,333
475,中国法院诉讼案例,Y,江西省萍乡市亚鹏房地产公司诉萍乡市国土局不履行行政协议案,162
476,中国法院诉讼案例,Y,长春亚泰足球俱乐部诉中国足球协会处罚案,"112,140"
477,中国法院诉讼案例,Y,三亚市羊栏镇羊栏管区羊西四队诉三亚市政府拖延土地确权案,503
478,中国法院诉讼案例,Y,杨宝玺诉天津服装技校不履行法定职责案,502
479,中国法院诉讼案例,Y,杨春庭诉南京市江宁区政府案,180
480,中国法院诉讼案例,Y,杨锋全诉自然资源部案,148
481,中国法院诉讼案例,Y,杨国伟诉上海市劳教委撤销劳动教养决定案,201
482,中国法院诉讼案例,Y,杨利晓诉河南省教育厅不履行法定职责案,711
483,中国法院诉讼案例,Y,杨茂诉成都市教育局申诉处理决定案,"194,479"
484,中国法院诉讼案例,Y,陕西省靖边县杨桥畔镇杨桥畔二村八组与靖边县政府林业登记案,682
485,中国法院诉讼案例,Y,杨庆峰诉无锡市劳保局工伤认定案,"80,91"
486,中国法院诉讼案例,Y,杨世建诉人事部拒绝公务员录用考试报名案,158
487,中国法院诉讼案例,Y,杨树森诉北京市丰台区教委安置工作决定案,159
488,中国法院诉讼案例,Y,杨一民诉成都市政府案,174
489,中国法院诉讼案例,Y,杨政权诉山东省肥城市房管局案,329
490,中国法院诉讼案例,Y,杨支柱、陈虹诉北京市海淀区计生委征收社会抚养费案,"62,338"
491,中国法院诉讼案例,Y,杨志坤诉河南省商丘市睢阳区政府土地行政处理案,575
492,中国法院诉讼案例,Y,杨智全等诉北京市海淀区国税局行政奖励案,"305,503"
493,中国法院诉讼案例,Y,汨罗县药材公司诉罗县卫生局行政处罚案,"15,360"
494,中国法院诉讼案例,Y,广东省药材公司诉财政部国有资产行政管理案,"15,360"
495,中国法院诉讼案例,Y,深圳耀华创建房地产公司诉深圳市福田区城管局案,452
496,中国法院诉讼案例,Y,叶学福诉温州市公安局行政处罚案,445
497,中国法院诉讼案例,Y,北京伊尔库科贸公司诉无锡市工商局行政处罚案,605
498,中国法院诉讼案例,Y,内蒙古伊泰集团公司诉鄂尔多斯市政府注销土地使用证案,237
499,中国法院诉讼案例,Y,广东深圳亿亨投资公司诉郑州市政府行政决定案,"293,522,559,626,706"
500,中国法院诉讼案例,Y,宁波亿泰公司诉国家税务总局宁波市税务局第三稽查局案,"361,394,395"
501,中国法院诉讼案例,Y,河南省周口市益民燃气公司诉周口市政府等燃气管网招标案,"486,494"
502,中国法院诉讼案例,Y,易志明等诉湖南省溆浦县政府案,319
503,中国法院诉讼案例,Y,逸悦投资顾问公司诉上海市国土局、上海市房管局房产登记案,714
504,中国法院诉讼案例,Y,殷某诉上海市劳动教养决定劳教委案,89
505,中国法院诉讼案例,Y,尹琛琰诉河南省卢氏县公安局行政赔偿案,"181,517,519,521,524"
506,中国法院诉讼案例,Y,上海英特华尔公司诉浦东新区规划局规划许可审查意见案,168
507,中国法院诉讼案例,Y,由利等诉山东省淄博市工商局高新区分局工商登记案,302
508,中国法院诉讼案例,Y,游淑平诉浙江省龙岩市政府征兵办公室行政处罚案,164
509,中国法院诉讼案例,Y,于栖楚诉贵阳市住建局强制拆迁案,"46,376"
510,中国法院诉讼案例,Y,于善涛诉哈尔滨市机动车检测部门环城公路收费案,55
511,中国法院诉讼案例,Y,于艳茹诉北京大学撤销博士学位案,388
512,中国法院诉讼案例,Y,余祝年诉江苏省南通市政府行政复议案,168
513,中国法院诉讼案例,Y,俞国华诉福建省莆田市荔城区建设局不予办理企业资质年检案,"253,696"
514,中国法院诉讼案例,Y,俞建莉诉北京市东城区政府案,151
515,中国法院诉讼案例,Y,湖南省衡阳市渔漢房产公司清算小组诉衡阳市政府案,358
516,中国法院诉讼案例,Y,郁祝军诉江苏省常州市武进区公安局交通巡逻警察大队行政处罚案,458
517,中国法院诉讼案例,Y,河南省柘城县豫丰种业公司诉国家工商总局商评委案,394
518,中国法院诉讼案例,Y,福建省元和贸易公司诉福建省宁德市劳保局工伤认定案,362
519,中国法院诉讼案例,Y,广东省开平市国林局诉开平市劳保局案,125
520,中国法院诉讼案例,Y,袁西北诉江西省于都县政府案,572
521,中国法院诉讼案例,Y,袁裕来诉安徽省政府公开请示信息案,326
522,中国法院诉讼案例,Y,上海远洋运输公司诉宁波卫生检疫所行政处罚案,297
523,中国法院诉讼案例,Z,海口市海联区造船厂与海口市政府土地征用案,528
524,中国法院诉讼案例,Z,曾杰诉湖南省邵阳市公安局双清区分局收容教育案,537
525,中国法院诉讼案例,Z,曾丽容诉南宁市行政审批局行政许可案,627
526,中国法院诉讼案例,Z,曾丽容等33人诉南宁市青秀区政府国有土地上房屋征收决定案,"625,628"
527,中国法院诉讼案例,Z,曾昭玉诉教育部不履行法定职责案,350
528,中国法院诉讼案例,Z,翟进荣诉北京市海淀区城市管理监察大队不履行法定职责案,722
529,中国法院诉讼案例,Z,张佰强、施新国诉浙江省慈溪市政府、慈溪市掌起镇政府案,211
530,中国法院诉讼案例,Z,张保刚诉石家庄市政府、平山县渔政站案,162
531,中国法院诉讼案例,Z,张成银诉江苏省徐州市政府房屋登记行政复议决定案,"78,230,361,368,389"
532,中国法院诉讼案例,Z,张炽脉、裘爱玲诉浙江省绍兴市政府招商引资奖励案,255
533,中国法院诉讼案例,Z,张道春诉湖北省当阳市规划局行政赔偿案,"291,387,521"
534,中国法院诉讼案例,Z,张铎诉安徽省歙县政府行政合同案,486
535,中国法院诉讼案例,Z,张刚诉武汉市武昌区政府案,"274,275"
536,中国法院诉讼案例,Z,张光诉吉林省伊通县政府辞退民办教师行为案,273
537,中国法院诉讼案例,Z,张广武诉解放军总政治部和海军政治部案,121
538,中国法院诉讼案例,Z,张海涛诉北京市通州区宋庄镇政府案,538
539,中国法院诉讼案例,Z,张晖诉上海市闵行区城市交通执法大队行政处罚案,437
540,中国法院诉讼案例,Z,张会修诉吉林省白城市公安局案,"691,702"
541,中国法院诉讼案例,Z,张金诉河北省唐山市路南区政府案,607
542,中国法院诉讼案例,Z,张菊珍诉湖南省华容县政府案,145
543,中国法院诉讼案例,Z,张开盛诉北京市工商局案,529
544,中国法院诉讼案例,Z,张利民诉江苏省启东市城乡建委等行政处理决定案,81
545,中国法院诉讼案例,Z,张某诉甘肃省天水市工商局行政登记案,637
546,中国法院诉讼案例,Z,张培立诉山东省武城县规划局案,535
547,中国法院诉讼案例,Z,张萍诉南京市劳保局工伤认定案,90
548,中国法院诉讼案例,Z,张少纪诉河南省南阳市水利局行政处罚案,300
549,中国法院诉讼案例,Z,张世雄诉宁波市江北区公安局变更子女姓名案,183
550,中国法院诉讼案例,Z,张树胜诉重庆市江津市国土房管局行政强制案,268
551,中国法院诉讼案例,Z,张天珠等诉教育部高考录取分数线案,"62,75"
552,中国法院诉讼案例,Z,张旺诉东南大学行政赔偿案,260
553,中国法院诉讼案例,Z,张先著诉安徽省芜湖市人事局公务员招录“乙肝歧视”案,"59,75,159,224,535"
554,中国法院诉讼案例,Z,张小利诉北京市公安局丰台分局行政处罚案,484
555,中国法院诉讼案例,Z,张晓华诉浙江省磐安县公安局限制人身自由、扣押财产案,130
556,中国法院诉讼案例,Z,张新宇、张珊诉河北省曲阳县政府招商引资协议案,161
557,中国法院诉讼案例,Z,张秀芳诉甘肃省天水市工商局工商登记案,536
558,中国法院诉讼案例,Z,张艳君等诉北京市东城区政府房屋征收补偿案,167
559,中国法院诉讼案例,Z,张耀森诉上海市卫生局医疗事故鉴定案,393
560,中国法院诉讼案例,Z,张宜诉温州市政府土地征收案,173
561,中国法院诉讼案例,Z,张有为诉天津市政府房屋拆迁行政复议案,113
562,中国法院诉讼案例,Z,张玉中诉河南省荥阳市公安交警大队行政处罚案,489
563,中国法院诉讼案例,Z,张振隆诉江苏省徐州市教育局注销办学许可证案,347
564,中国法院诉讼案例,Z,张宗信诉国家信访局不履行法定职责案,179
565,中国法院诉讼案例,Z,张宗仰诉山西省临猗县角杯乡政府案,"187,225"
566,中国法院诉讼案例,Z,赵爱香诉济南市历城区政府不履行行政协议案,505
567,中国法院诉讼案例,Z,赵C诉江西省鹰潭市公安局月湖分局要求变更姓名案,183
568,中国法院诉讼案例,Z,赵恩风诉济南市公安局历城区分局行政处罚案,369
569,中国法院诉讼案例,Z,赵贵金诉湖北省任丘市民政局不依法发放抚恤金案,677
570,中国法院诉讼案例,Z,赵立新诉宁夏国有资产管理局行政批复案,"127,401"
571,中国法院诉讼案例,Z,赵玲诉重庆市烟草专卖局行政处罚案,309
572,中国法院诉讼案例,Z,赵某某诉天津市大港区民政局撤销离婚证案,559
573,中国法院诉讼案例,Z,赵瑞萍等诉福州市仓山区政府等行政强制案,261
574,中国法院诉讼案例,Z,赵维平诉新疆伊犁哈萨克自治州人社局等案,544
575,中国法院诉讼案例,Z,湖北省黄梅县振华建材公司诉湖北省黄石市公安局扣押财产案,131
576,中国法院诉讼案例,Z,广西武宣县镇樟村委会第九村民小组诉广西来宾市政府行政复议案,508
577,中国法院诉讼案例,Z,湖南省正阳光电科技公司诉合肥市公共资源交易监督管理局行政决定案,"535,539"
578,中国法院诉讼案例,Z,郑成宝等38人诉山东省五莲县政府行政征收案,496
579,中国法院诉讼案例,Z,郑小榕诉福建省三明市梅列区计划生育局拒绝办理独生子女证案,"301,316,502"
580,中国法院诉讼案例,Z,郑晓琴诉浙江省温岭市政府案,571
581,中国法院诉讼案例,Z,郑颖诉济南市公安局交警支队市中区大队行政处罚案,363
582,中国法院诉讼案例,Z,郑宇诉上海证券交易所信息公开案,142
583,中国法院诉讼案例,Z,南京知识律师事务所诉国家工商总局商标局商标代理资格案,"59,101"
584,中国法院诉讼案例,Z,安徽省界首市制药厂诉界首市政府企业合并决定案,238
585,中国法院诉讼案例,Z,湖北省十堰市中达建筑安装公司诉湖北省十堰市自然资源和规划局案,203
586,中国法院诉讼案例,Z,中国银行江西分行诉南昌市房管局违法办理抵押登记案,"515,523,524,528"
587,中国法院诉讼案例,Z,中海雅园管委会诉北京市海淀区房管局不履行法定职责案,"182,187,198,489"
588,中国法院诉讼案例,Z,江苏中建工程设计研究院公司诉住房和城乡建设部案,396
589,中国法院诉讼案例,Z,中科院西北高原生物研究所诉青海省海东地区监察局行政强制措施案,"125,292"
590,中国法院诉讼案例,Z,武汉市中山医药集团股份公司诉武汉市房管局房屋登记案,485
591,中国法院诉讼案例,Z,山东寿光中石油昆仑燃气公司诉寿光市政府解除特许经营协议案,"334,506"
592,中国法院诉讼案例,Z,湖南省溆浦县中医院诉溆浦县邮电局拒不开通“120”急救电话案,"137,349"
593,中国法院诉讼案例,Z,北京中油国门油料销售公司诉北京市顺义区国税局案,454
594,中国法院诉讼案例,Z,钟宝成诉复旦大学附属妇产科医院案,135
595,中国法院诉讼案例,Z,钟德树诉重庆市永川区国土房管局案,275
596,中国法院诉讼案例,Z,钟维丽诉成都市政府土地征收案,611
597,中国法院诉讼案例,Z,周才仕诉广西宾阳县露圩镇政府扣押财物案,267
598,中国法院诉讼案例,Z,周红荚诉江苏省南通市房管局拆迁行政监督案,352
599,中国法院诉讼案例,Z,周如倩诉上海市人社局政府信息公开案,"296,328,417"
600,中国法院诉讼案例,Z,周文明诉云南省文山县交警大队行政处罚案,341
601,中国法院诉讼案例,Z,周新元诉国家知产局专利复审委案,529
602,中国法院诉讼案例,Z,朱宝焕诉昆明市工商局行政处罚案,479
603,中国法院诉讼案例,Z,朱广义等4人诉郑州市政府道路更名案,"206,242"
604,中国法院诉讼案例,Z,朱金莲等诉海南省公安厅行政赔偿案,"518,529"
605,中国法院诉讼案例,Z,朱美欢诉广州市花都区政府政府信息公开案,"144,684"
606,中国法院诉讼案例,Z,朱某诉安徽省潜山县公路运输管理所扣押农用车案,407
607,中国法院诉讼案例,Z,朱涛元诉北京首都机场海关扣押、没收禁书案,"309,401"
608,中国法院诉讼案例,Z,朱新一、朱新明诉江苏省启东市公安局追截车辆行为案,"241,518"
609,中国法院诉讼案例,Z,朱有琼诉广州市白云区政府案,263
610,中国法院诉讼案例,Z,湖南省汉寿县新兴乡祝家岗砖厂诉汉寿县政府案,516
611,中国法院诉讼案例,Z,庄燕生诉北京市公安局公安交通管理局海淀交通支队黄庄队行政处罚案,378
612,中国法院诉讼案例,Z,山东壮壮嘉吉肥业公司诉山东省新泰市工商局案,212
613,中国法院诉讼案例,Z,某市自来水公司诉某市工商局行政处罚案,443
614,中国法院诉讼案例,Z,福建省明溪县紫云村委会诉明溪县政府林木林地权属处理决定案,266
615,非诉执行案件,,陕西省安康市城建局申请执行周瑞智违章建筑行政处罚案,722
616,非诉执行案件,,海南省文昌市国土局申请执行韩美畴行政处罚执行案,"312,723"
617,非诉执行案件,,西安市国土局申请执行张乐拆除违法建筑案,719
618,非诉执行案件,,重庆市彭水自治县劳保局申请执行重庆市武隆县巷口镇建筑公司拖欠工资案,720
619,非诉执行案件,,陕西省岚皋县人口计生局申请执行李金城、储成香社会抚养费案,724
620,非诉执行案件,,重庆市黔江区人口计生委申请执行喻绍超等征收社会抚养费案,721
621,非诉执行案件,,山东省东营市数装水泥办公室申请执行东营金山桥学校行政征收案,720
622,非诉执行案件,,四川省简阳市住建局申请执行四川华邦建筑工程质量检测鉴定公司加处罚款案,721
623,清末民国案例,,杨乃武、小白菜案,8
624,清末民国案例,,民国大学诉工商总长刘揆一案,9
625,清末民国案例,,刘建诉国务总理无故免职案,10
626,清末民国案例,,周树人（鲁迅）诉教育部案,10
627,外国法院与国际机构案例,,博纳姆医生案件,367
628,外国法院与国际机构案例,,莱普顿中学阻止拆除案,503
629,外国法院与国际机构案例,,通讯总部,375
630,外国法院与国际机构案例,,温斯伯里案件,"109,569"
631,外国法院与国际机构案例,,谢弗朗案件,106
632,外国法院与国际机构案例,,朱莉安娜诉美国生态保护案,206
633,外国法院与国际机构案例,,布朗哥案件,126
634,外国法院与国际机构案例,,博斯曼转会案,112
635,外国法院与国际机构案例,,德国海乐·西亚泽公司诉中华人民共和国投资仲裁案,34
